{"cameraMode":{"drawMode":0,"name":"Shaded","section":"Shading Mode"},"sceneLighting":true,"audioPlay":false,"sceneViewState":{"showFog":true,"showMaterialUpdate":true,"showSkybox":true,"showFlares":true,"showImageEffects":true,"showParticleSystems":true},"in2DMode":false,"pivot":{"x":17.836387634277345,"y":-2.410933017730713,"z":-18.47608757019043},"rotation":{"x":-0.0678325966000557,"y":-0.49657243490219118,"z":0.0389721654355526,"w":-0.8644673824310303},"size":20.176942825317384,"orthographic":false}