{"cameraMode":{"drawMode":0,"name":"Shaded","section":"Shading Mode"},"sceneLighting":false,"audioPlay":false,"sceneViewState":{"showFog":true,"showMaterialUpdate":true,"showSkybox":false,"showFlares":true,"showImageEffects":true,"showParticleSystems":true},"in2DMode":false,"pivot":{"x":1.4509999752044678,"y":0.890999972820282,"z":0.0},"rotation":{"x":-0.03759998083114624,"y":-0.7008113861083984,"z":0.037049200385808948,"w":-0.7113966345787048},"size":0.5387797355651856,"orthographic":false}