{"cameraMode":{"drawMode":0,"name":"Shaded","section":"Shading Mode"},"sceneLighting":true,"audioPlay":false,"sceneViewState":{"showFog":true,"showMaterialUpdate":true,"showSkybox":true,"showFlares":true,"showImageEffects":true,"showParticleSystems":true},"in2DMode":false,"pivot":{"x":131.6631622314453,"y":-43.657169342041019,"z":19.421222686767579},"rotation":{"x":-0.03759998083114624,"y":-0.7008113861083984,"z":0.037049200385808948,"w":-0.7113966345787048},"size":179.18682861328126,"orthographic":false}